-122.23,37.88,41,880,129,322,126,8.3252,1,452600
-122.22,37.86,21,7099,1106,2401,1138,8.3014,1,358500
-122.24,37.85,52,1467,190,496,177,7.2574,1,352100
-122.25,37.85,52,1274,235,558,219,5.6431,1,341300
-122.25,37.85,52,1627,280,565,259,3.8462,1,342200
-122.25,37.85,52,919,213,413,193,4.0368,1,269700
-122.25,37.84,52,2535,489,1094,514,3.6591,1,299200
-122.25,37.84,52,3104,687,1157,647,3.12,1,241400
-122.26,37.84,42,2555,665,1206,595,2.0804,1,226700
-122.25,37.84,52,3549,707,1551,714,3.6912,1,261100
-122.26,37.85,52,2202,434,910,402,3.2031,1,281500
-122.26,37.85,52,3503,752,1504,734,3.2705,1,241800
-122.26,37.85,52,2491,474,1098,468,3.075,1,213500
-122.26,37.84,52,696,191,345,174,2.6736,1,191300
-122.26,37.85,52,2643,626,1212,620,1.9167,1,159200
-122.26,37.85,50,1120,283,697,264,2.125,1,140000
-122.27,37.85,52,1966,347,793,331,2.775,1,152500
-122.27,37.85,52,1228,293,648,303,2.1202,1,155500
-122.26,37.84,50,2239,455,990,419,1.9911,1,158700
-122.27,37.84,52,1503,298,690,275,2.6033,1,162900
-122.27,37.85,40,751,184,409,166,1.3578,1,147500
-122.27,37.85,42,1639,367,929,366,1.7135,1,159800
-122.27,37.84,52,2436,541,1015,478,1.725,1,113900
-122.27,37.84,52,1688,337,853,325,2.1806,1,99700
-122.27,37.84,52,2224,437,1006,422,2.6,1,132600
-122.28,37.85,41,535,123,317,119,2.4038,1,107500
-122.28,37.85,49,1130,244,607,239,2.4597,1,93800
-122.28,37.85,52,1898,421,1102,397,1.808,1,105500
-122.28,37.84,50,2082,492,1131,473,1.6424,1,108900
-122.28,37.84,52,729,160,395,155,1.6875,1,132000
-122.28,37.84,49,1916,447,863,378,1.9274,1,122300
-122.28,37.84,52,2153,481,1168,441,1.9615,1,115200
-122.27,37.84,48,1922,409,1026,335,1.7969,1,110400
-122.27,37.83,49,1655,366,754,329,1.375,1,104900
-122.27,37.83,51,2665,574,1258,536,2.7303,1,109700
-122.27,37.83,49,1215,282,570,264,1.4861,1,97200
-122.27,37.83,48,1798,432,987,374,1.0972,1,104500
-122.28,37.83,52,1511,390,901,403,1.4103,1,103900
-122.26,37.83,52,1470,330,689,309,3.48,1,191400
-122.26,37.83,52,2432,715,1377,696,2.5898,1,176000
-122.26,37.83,52,1665,419,946,395,2.0978,1,155400
-122.26,37.83,51,936,311,517,249,1.2852,1,150000
-122.26,37.84,49,713,202,462,189,1.025,1,118800
-122.26,37.84,52,950,202,467,198,3.9643,1,188800
-122.26,37.83,52,1443,311,660,292,3.0125,1,184400
-122.26,37.83,52,1656,420,718,382,2.6768,1,182300
-122.26,37.83,50,1125,322,616,304,2.026,1,142500
-122.27,37.82,43,1007,312,558,253,1.7348,1,137500
-122.26,37.82,40,624,195,423,160,0.9506,1,187500
-122.27,37.82,40,946,375,700,352,1.775,1,112500
-122.27,37.82,21,896,453,735,438,0.9218,1,171900
-122.27,37.82,43,1868,456,1061,407,1.5045,1,93800
-122.27,37.82,41,3221,853,1959,720,1.1108,1,97500
-122.27,37.82,52,1630,456,1162,400,1.2475,1,104200
-122.28,37.82,52,1170,235,701,233,1.6098,1,87500
-122.28,37.82,52,945,243,576,220,1.4113,1,83100
-122.28,37.82,52,1238,288,622,259,1.5057,1,87500
-122.28,37.82,52,1489,335,728,244,0.8172,1,85300
-122.28,37.82,52,1387,341,1074,304,1.2171,1,80300
-122.29,37.82,2,158,43,94,57,2.5625,1,60000
-122.29,37.83,52,1121,211,554,187,3.3929,1,75700
-122.29,37.82,49,135,29,86,23,6.1183,1,75000
-122.29,37.81,50,760,190,377,122,0.9011,1,86100
-122.3,37.81,52,1224,237,521,159,1.191,1,76100
-122.3,37.81,48,828,182,392,133,2.5938,1,73500
-122.3,37.81,52,1010,209,604,187,1.1667,1,78400
-122.3,37.81,48,1455,354,788,332,0.8056,1,84400
-122.29,37.8,52,1027,244,492,147,2.6094,1,81300
-122.3,37.81,52,572,109,274,82,1.8516,1,85000
-122.29,37.81,46,2801,644,1823,611,0.9802,1,129200
-122.29,37.81,26,768,152,392,127,1.7719,1,82500
-122.29,37.81,46,935,297,582,277,0.7286,1,95200
-122.29,37.81,49,844,204,560,152,1.75,1,75000
-122.29,37.81,46,12,4,18,7,0.4999,1,67500
-122.29,37.81,20,835,161,290,133,2.483,1,137500
-122.28,37.81,17,1237,462,762,439,0.9241,1,177500
-122.28,37.81,36,2914,562,1236,509,2.4464,1,102100
-122.28,37.81,19,1207,243,721,207,1.1111,1,108300
-122.29,37.81,23,1745,374,1054,325,0.8026,1,112500
-122.28,37.8,38,684,176,344,155,2.0114,1,131300
-122.28,37.81,17,924,289,609,289,1.5,1,162500
-122.27,37.81,52,210,56,183,56,1.1667,1,112500
-122.28,37.81,52,340,97,200,87,1.5208,1,112500
-122.28,37.81,52,386,164,346,155,0.8075,1,137500
-122.28,37.81,35,948,184,467,169,1.8088,1,118800
-122.28,37.81,52,773,143,377,115,2.4083,1,98200
-122.27,37.81,40,880,451,582,380,0.977,1,118800
-122.27,37.81,10,875,348,546,330,0.76,1,162500
-122.27,37.8,10,105,42,125,39,0.9722,1,137500
-122.27,37.8,52,249,78,396,85,1.2434,1,500001
-122.27,37.8,16,994,392,800,362,2.0938,1,162500
-122.28,37.8,52,215,87,904,88,0.8668,1,137500
-122.28,37.8,52,96,31,191,34,0.75,1,162500
-122.27,37.79,27,1055,347,718,302,2.6354,1,187500
-122.27,37.8,39,1715,623,1327,467,1.8477,1,179200
-122.26,37.8,36,5329,2477,3469,2323,2.0096,1,130000
-122.26,37.82,31,4596,1331,2048,1180,2.8345,1,183800
-122.26,37.81,29,335,107,202,91,2.0062,1,125000
-122.26,37.82,22,3682,1270,2024,1250,1.2185,1,170000
-122.26,37.82,37,3633,1085,1838,980,2.6104,1,193100
-122.25,37.81,29,4656,1414,2304,1250,2.4912,1,257800
-122.25,37.81,28,5806,1603,2563,1497,3.2177,1,273400
-122.25,37.81,39,854,242,389,228,3.125,1,237500
-122.25,37.81,52,2155,701,895,613,2.5795,1,350000
-122.26,37.81,34,5871,1914,2689,1789,2.8406,1,335700
-122.24,37.82,52,1509,225,674,244,4.9306,1,313400
-122.24,37.81,52,2026,482,709,456,3.2727,1,268500
-122.25,37.81,52,1758,460,686,422,3.1691,1,259400
-122.24,37.82,52,3481,751,1444,718,3.9,1,275700
-122.25,37.82,28,3337,855,1520,802,3.9063,1,225000
-122.25,37.82,52,1424,289,550,253,5.0917,1,262500
-122.25,37.82,32,3809,1098,1806,1022,2.6429,1,218500
-122.25,37.82,26,3959,1196,1749,1217,3.0233,1,255000
-122.25,37.83,52,2376,559,939,519,3.1484,1,224100
-122.25,37.83,35,1613,428,675,422,3.4722,1,243100
-122.25,37.83,52,1279,287,534,291,3.1429,1,231600
-122.25,37.83,28,5022,1750,2558,1661,2.4234,1,218500
-122.25,37.83,52,4190,1105,1786,1037,3.0897,1,234100
-122.23,37.84,50,2515,399,970,373,5.8596,1,327600
-122.23,37.84,47,3175,454,1098,485,5.2868,1,347600
-122.24,37.83,41,2576,406,794,376,5.956,1,366100
-122.24,37.85,37,334,54,98,47,4.9643,1,335000
-122.23,37.85,52,2800,411,1061,403,6.3434,1,373600
-122.24,37.84,52,3529,574,1177,555,5.1773,1,389500
-122.24,37.85,52,2612,365,901,367,7.2354,1,391100
-122.22,37.85,28,5287,1048,2031,956,5.457,1,337300
-122.22,37.84,50,2935,473,1031,479,7.5,1,295200
-122.21,37.84,44,3424,597,1358,597,6.0194,1,292300
-122.21,37.83,40,4991,674,1616,654,7.5544,1,411500
-122.2,37.84,30,2211,346,844,343,6.0666,1,311500
-122.21,37.84,34,3038,490,1140,496,7.0548,1,325900
-122.19,37.84,18,1617,210,533,194,11.6017,1,392600
-122.2,37.84,35,2865,460,1072,443,7.4882,1,319300
-122.21,37.83,34,5065,788,1627,766,6.8976,1,333300
-122.19,37.83,28,1326,184,463,190,8.2049,1,335200
-122.2,37.83,26,1589,223,542,211,8.401,1,351200
-122.19,37.83,29,1791,271,661,269,6.8538,1,368900
-122.19,37.82,32,1835,264,635,263,8.317,1,365900
-122.2,37.82,37,1229,181,420,176,7.0175,1,366700
-122.2,37.82,39,3770,534,1265,500,6.3302,1,362800
-122.18,37.81,30,292,38,126,52,6.3624,1,483300
-122.21,37.82,52,2375,333,813,350,7.0549,1,331400
-122.2,37.81,45,2964,436,1067,426,6.7851,1,323500
-122.21,37.8,50,2833,605,1260,552,2.8929,1,216700
-122.21,37.8,38,2254,535,951,487,3.0812,1,233100
-122.21,37.81,52,1389,212,510,224,5.2402,1,296400
-122.22,37.81,52,1971,335,765,308,6.5217,1,273700
-122.22,37.8,52,2183,465,1129,460,3.2632,1,227700
-122.22,37.8,52,2286,464,1073,441,3.0298,1,199600
-122.22,37.8,52,2721,541,1185,515,4.5428,1,239800
-122.22,37.81,52,2024,339,756,340,4.072,1,270100
-122.22,37.81,52,2944,536,1034,521,5.3509,1,302100
-122.23,37.8,52,2033,486,787,459,3.1603,1,269500
-122.23,37.81,52,1433,229,612,213,4.7708,1,314700
-122.22,37.81,52,2927,402,1021,380,8.1564,1,390100
-122.23,37.81,52,2315,292,861,258,8.8793,1,410300
-122.24,37.81,52,2485,313,953,327,6.8591,1,352400
-122.24,37.81,52,1490,238,634,256,6.0302,1,287300
-122.23,37.81,52,2814,365,878,352,7.508,1,348700
-122.24,37.81,52,2093,550,918,483,2.7477,1,243800
-122.24,37.8,52,888,168,360,175,2.1944,1,211500
-122.25,37.8,52,2087,510,1197,488,3.0149,1,218400
-122.24,37.81,52,2513,502,1048,518,3.675,1,269900
-122.25,37.81,46,3232,835,1373,747,3.225,1,218800
-122.25,37.8,42,4120,1065,1715,1015,2.9345,1,225000
-122.25,37.8,43,2364,792,1359,722,2.1429,1,250000
-122.25,37.8,41,1471,469,1062,413,1.6121,1,171400
-122.25,37.8,29,2468,864,1335,773,1.3929,1,193800
-122.24,37.79,27,1632,492,1171,429,2.3173,1,125000
-122.25,37.79,45,1786,526,1475,460,1.7772,1,97500
-122.25,37.79,50,629,188,742,196,2.6458,1,125000
-122.25,37.79,52,1339,391,1086,363,2.181,1,138800
-122.25,37.8,36,1678,606,1645,543,2.2303,1,116700
-122.25,37.8,43,2344,647,1710,644,1.6504,1,151800
-122.24,37.8,52,996,228,731,228,2.2697,1,127000
-122.24,37.8,52,1591,373,1118,347,2.1563,1,128600
-122.24,37.8,52,1586,398,1006,335,2.1348,1,140600
-122.24,37.8,47,2046,588,1213,554,2.6292,1,182700
-122.23,37.8,52,1192,289,772,257,2.3833,1,146900
-122.24,37.8,52,1803,420,1321,401,2.957,1,122800
-122.24,37.8,49,2838,749,1487,677,2.5238,1,169300
-122.23,37.8,52,783,184,488,186,1.9375,1,126600
-122.23,37.8,51,1590,414,949,392,1.9028,1,127900
-122.23,37.8,50,1746,480,1149,415,2.25,1,123500
-122.23,37.8,52,1252,299,844,280,2.3929,1,111900
-122.23,37.79,43,5963,1344,4367,1231,2.1917,1,112800
-122.23,37.79,52,1783,395,1659,412,2.9357,1,107900
-122.23,37.79,30,999,264,1011,263,1.8854,1,137500
-122.24,37.79,39,1469,431,1464,389,2.1638,1,105500
-122.24,37.79,47,1372,395,1237,303,2.125,1,95500
-122.24,37.79,52,674,180,647,168,3.375,1,116100
-122.24,37.79,43,1626,376,1284,357,2.2542,1,112200
-122.25,37.79,51,175,43,228,55,2.1,1,75000
-122.25,37.79,39,461,129,381,123,1.6,1,112500
-122.25,37.79,52,902,237,846,227,3.625,1,125000
-122.26,37.8,20,2373,779,1659,676,1.6929,1,115000
-122.22,37.77,52,391,128,520,138,1.6471,1,95000
-122.22,37.77,52,1137,301,866,259,2.59,1,96400
-122.23,37.77,52,769,206,612,183,2.57,1,72000
-122.23,37.78,52,472,146,415,126,2.6429,1,71300
-122.23,37.78,52,862,215,994,213,3.0257,1,80800
-122.22,37.78,50,1920,530,1525,477,1.4886,1,128800
-122.23,37.78,43,1420,472,1506,438,1.9338,1,112500
-122.23,37.78,52,986,258,1008,255,1.4844,1,119400
-122.23,37.78,44,2340,825,2813,751,1.6009,1,118100
-122.23,37.79,48,1696,396,1481,343,2.0375,1,122500
-122.23,37.79,49,1175,217,859,219,2.293,1,106300
-122.22,37.79,37,2343,574,1608,523,2.1494,1,132500
-122.23,37.79,30,610,145,425,140,1.6198,1,122700
-122.23,37.79,40,930,199,564,184,1.3281,1,113300
-122.22,37.79,44,1487,314,961,272,3.5156,1,109500
-122.22,37.79,52,3424,690,2273,685,3.9048,1,164700
-122.21,37.79,52,762,190,600,195,3.0893,1,125000
-122.22,37.79,46,2366,575,1647,527,2.6042,1,124700
-122.22,37.79,49,1826,450,1201,424,2.5,1,136700
-122.22,37.79,38,3049,711,2167,659,2.7969,1,141700
-122.2,37.79,29,1640,376,939,340,2.8321,1,150000
-122.21,37.79,47,1543,307,859,292,2.9583,1,138800
-122.21,37.79,34,2364,557,1517,516,2.8365,1,139200
-122.21,37.79,35,1745,409,1143,386,2.875,1,143800
-122.21,37.8,39,2003,500,1109,464,3.0682,1,156500
-122.21,37.8,39,2018,447,1221,446,3.0757,1,151000
-122.2,37.8,43,3045,499,1115,455,4.9559,1,273000
-122.2,37.8,52,1547,293,706,268,4.7721,1,217100
-122.21,37.8,52,3519,711,1883,706,3.4861,1,187100
-122.2,37.8,41,2070,354,804,340,5.1184,1,239600
-122.21,37.8,48,1321,263,506,252,4.0977,1,229700
-122.19,37.8,48,1694,259,610,238,4.744,1,257300
-122.19,37.8,46,1938,341,768,332,4.2727,1,246900
-122.19,37.79,50,968,195,462,184,2.9844,1,179900
-122.2,37.79,40,1060,256,667,235,4.1739,1,169600
-122.2,37.8,46,2041,405,1059,399,3.8487,1,203300
-122.19,37.8,52,1813,271,637,277,4.0114,1,263400
-122.19,37.79,45,2718,451,1106,454,4.6563,1,231800
-122.19,37.79,28,3144,761,1737,669,2.9297,1,140500
-122.2,37.79,35,1802,459,1009,390,2.3036,1,126000
-122.2,37.79,49,882,195,737,210,2.6667,1,122000
-122.2,37.79,44,1621,452,1354,491,2.619,1,134700
-122.21,37.79,45,2115,533,1530,474,2.4167,1,139400
-122.2,37.79,45,2021,528,1410,480,2.7788,1,115400
-122.21,37.78,46,2239,508,1390,569,2.7352,1,137300
-122.21,37.78,52,1477,300,1065,269,1.8472,1,137000
-122.21,37.78,52,1056,224,792,245,2.6583,1,142600
-122.21,37.78,49,898,244,779,245,3.0536,1,137500
-122.22,37.78,44,2968,710,2269,610,2.3906,1,111700
-122.21,37.78,43,1702,460,1227,407,1.7188,1,126800
-122.21,37.78,47,881,248,753,241,2.625,1,111300
-122.22,37.77,40,494,114,547,135,2.8015,1,114800
-122.22,37.78,50,1776,473,1807,440,1.7276,1,102300
-122.22,37.78,44,1678,514,1700,495,2.0801,1,131900
-122.22,37.78,51,1637,463,1543,393,2.489,1,119100
-122.21,37.76,52,1420,314,1085,300,1.7546,1,80600
-122.21,37.77,52,591,173,353,137,4.0904,1,80600
-122.21,37.77,52,745,153,473,149,2.6765,1,88800
-122.2,37.77,49,2272,498,1621,483,2.4338,1,102400
-122.21,37.77,46,1234,375,1183,354,2.3309,1,98700
-122.21,37.77,43,1017,328,836,277,2.2604,1,100000
-122.19,37.77,42,932,254,900,263,1.8039,1,92300
-122.2,37.77,39,2689,597,1888,537,2.2562,1,94800
-122.2,37.77,41,1547,415,1024,341,2.0562,1,102000
-122.2,37.78,52,2300,443,1225,423,3.5398,1,158400
-122.2,37.78,39,1752,399,1071,376,3.1167,1,121600
-122.2,37.78,50,1867,403,1128,378,2.5401,1,129100
-122.2,37.77,43,2430,502,1537,484,2.898,1,121400
-122.21,37.78,44,1729,414,1240,393,2.3125,1,102800
-122.19,37.78,52,1026,180,469,168,2.875,1,160000
-122.19,37.77,52,2170,428,1086,425,3.3715,1,143900
-122.19,37.77,52,2329,445,1144,417,3.5114,1,151200
-122.19,37.78,52,2492,415,1109,375,4.3125,1,164400
-122.19,37.78,52,2198,397,984,369,3.22,1,156500
-122.18,37.78,33,142,31,575,47,3.875,1,225000
-122.19,37.78,49,1183,205,496,209,5.2328,1,174200
-122.19,37.78,52,1070,193,555,190,3.7262,1,166900
-122.2,37.78,45,1766,332,869,327,4.5893,1,163500
-122.18,37.79,39,617,95,236,106,5.2578,1,253000
-122.18,37.79,41,1411,233,626,214,7.0875,1,240700
-122.18,37.79,46,2109,387,922,329,3.9712,1,208100
-122.19,37.79,47,1229,243,582,256,2.9514,1,198100
-122.19,37.79,50,954,217,546,201,2.6667,1,172800
-122.18,37.81,37,1643,262,620,266,5.4446,1,336700
-122.18,37.8,34,1355,195,442,195,6.2838,1,318200
-122.18,37.8,23,2317,336,955,328,6.7527,1,285800
-122.13,37.77,24,2459,317,916,324,7.0712,1,293000
-122.16,37.79,22,12842,2048,4985,1967,5.9849,1,371000
-122.17,37.78,42,1524,260,651,267,3.6875,1,157300
-122.17,37.77,30,3326,746,1704,703,2.875,1,135300
-122.18,37.78,43,1985,440,1085,407,3.4205,1,136700
-122.18,37.78,50,1642,322,713,284,3.2984,1,160700
-122.17,37.78,49,893,177,468,181,3.875,1,140600
-122.17,37.78,52,653,128,296,121,4.175,1,144000
-122.16,37.77,47,1256,,570,218,4.375,1,161900
-122.16,37.77,48,977,194,446,180,4.7708,1,156300
-122.16,37.77,45,2324,397,968,384,3.5739,1,176000
-122.16,37.77,39,1583,349,857,316,3.0958,1,145800
-122.17,37.77,39,1612,342,912,322,3.3958,1,141900
-122.17,37.77,31,2424,533,1360,452,1.871,1,90700
-122.17,37.76,41,1594,367,1074,355,1.9356,1,90600
-122.17,37.76,47,2118,413,965,382,2.1842,1,107900
-122.18,37.76,37,1575,358,933,320,2.2917,1,107000
-122.17,37.76,38,1764,397,987,354,2.4333,1,98200
-122.18,37.76,50,1187,261,907,246,1.9479,1,89500
-122.18,37.76,52,754,175,447,165,3.9063,1,93800
-122.18,37.76,49,2308,452,1299,451,1.8407,1,96700
-122.18,37.77,27,909,236,396,157,2.0786,1,97500
-122.18,37.77,42,1180,257,877,268,2.8125,1,97300
-122.18,37.76,43,2018,408,1111,367,1.8913,1,91200
-122.19,37.76,49,1368,282,790,269,1.7056,1,91400
-122.18,37.77,52,2744,547,1479,554,2.2768,1,96200
-122.18,37.77,51,2107,471,1173,438,3.2552,1,120100
-122.18,37.77,52,1748,362,1029,366,2.0556,1,100000
-122.19,37.76,52,2024,391,1030,350,2.4659,1,94700
-122.2,37.76,47,1116,259,826,279,1.75,1,85700
-122.19,37.77,41,2036,510,1412,454,2.0469,1,89300
-122.19,37.77,45,1852,393,1132,349,2.7159,1,101400
-122.19,37.76,41,921,207,522,159,1.2083,1,72500
-122.19,37.76,45,995,238,630,237,1.925,1,74100
-122.2,37.75,36,606,132,531,133,1.5809,1,70000
-122.2,37.76,37,2680,736,1925,667,1.4097,1,84600
-122.19,37.76,38,1493,370,1144,351,0.7683,1,81800
-122.19,37.75,19,2207,565,1481,520,1.3194,1,81400
-122.19,37.75,28,856,189,435,162,0.8012,1,81800
-122.19,37.76,26,1293,297,984,303,1.9479,1,85800
-122.19,37.74,36,847,212,567,159,1.1765,1,87100
-122.18,37.74,42,541,154,380,123,2.3456,1,83500
-122.19,37.73,44,1066,253,825,244,2.1538,1,79700
-122.19,37.74,43,707,147,417,155,2.5139,1,83400
-122.19,37.73,45,1528,291,801,287,1.2625,1,84700
-122.18,37.73,42,909,215,646,198,2.9063,1,80000
-122.18,37.73,43,1391,293,855,285,2.5192,1,76400
-122.18,37.73,44,548,119,435,136,2.1111,1,79700
-122.18,37.73,42,4074,874,2736,780,2.455,1,82400
-122.17,37.74,41,1613,445,1481,414,2.4028,1,97700
-122.17,37.74,47,463,134,327,137,2.15,1,97200
-122.17,37.74,43,818,193,494,179,2.4776,1,101600
-122.17,37.73,43,1473,371,1231,341,2.1587,1,86500
-122.18,37.74,35,504,126,323,109,1.8438,1,90500
-122.17,37.74,46,1026,226,749,225,3.0298,1,107600
-122.17,37.74,46,769,183,693,178,2.25,1,84200
-122.18,37.74,46,2103,391,1339,354,2.2467,1,88900
-122.18,37.75,45,330,76,282,80,4.0469,1,80700
-122.18,37.75,46,941,218,621,195,1.325,1,87100
-122.17,37.75,38,992,,732,259,1.6196,1,85100
-122.18,37.75,45,990,261,901,260,2.1731,1,82000
-122.19,37.75,36,1126,263,482,150,1.9167,1,82800
-122.18,37.75,43,1036,233,652,213,2.069,1,84600
-122.18,37.75,36,1047,214,651,166,1.712,1,82100
-122.17,37.76,33,1280,307,999,286,2.5625,1,89300
-122.17,37.75,43,1587,320,907,306,1.9821,1,98300
-122.17,37.75,41,1257,271,828,230,2.5043,1,92300
-122.17,37.75,44,1218,248,763,254,2.3281,1,88800
-122.17,37.75,48,1751,390,935,349,1.4375,1,90000
-122.16,37.76,45,2299,514,1437,484,2.5122,1,95500
-122.16,37.75,38,2457,624,1516,482,1.5625,1,91700
-122.17,37.75,47,998,211,597,185,3.1587,1,100400
-122.17,37.76,40,1685,343,949,342,1.8426,1,94800
-122.16,37.76,46,1827,307,881,302,4.6696,1,164300
-122.16,37.76,36,2781,574,1438,519,2.4598,1,155500
-122.15,37.76,39,1823,286,763,270,6.0749,1,196900
-122.14,37.77,27,2229,365,1297,355,4.8304,1,279100
-122.14,37.76,34,1513,231,545,211,5.5701,1,252800
-122.13,37.76,26,3266,491,1222,533,5.37,1,275400
-122.12,37.75,33,1809,261,808,219,6.86,1,250000
-122.12,37.75,28,794,111,329,109,7.6923,1,329800
-122.14,37.75,36,690,105,299,109,4.0313,1,195500
-122.14,37.75,33,1334,200,579,202,6.8323,1,255900
-122.13,37.75,30,414,54,137,50,4.975,1,311100
-122.13,37.75,36,768,93,229,93,5.3602,1,330000
-122.13,37.74,41,4400,666,1476,648,5,1,248900
-122.16,37.75,46,954,161,429,154,2.925,1,142900
-122.15,37.75,40,1445,256,849,255,3.8913,1,126300
-122.15,37.75,44,1938,399,946,331,3.225,1,135800
-122.15,37.74,41,856,178,571,191,3.1458,1,130600
-122.16,37.75,24,1790,454,1137,386,2.537,1,107900
-122.16,37.75,44,617,131,378,135,2.5568,1,111100
-122.15,37.74,43,1383,275,853,272,3.5083,1,122000
-122.15,37.74,49,1325,277,764,282,3.3125,1,118000
-122.16,37.75,40,1227,294,928,261,1.8235,1,95200
-122.16,37.75,35,667,140,406,133,3.8047,1,94300
-122.17,37.74,34,1223,281,824,280,2.2917,1,92500
-122.17,37.75,37,1379,287,835,259,2.4962,1,91800
-122.16,37.74,43,1534,300,826,295,4.0417,1,109400
-122.16,37.74,46,1029,181,567,211,3.4844,1,129500
-122.16,37.74,52,771,147,355,144,4.1458,1,143400
-122.16,37.74,47,824,223,533,166,2.625,1,98200
-122.16,37.74,44,1097,239,609,215,2.0227,1,103100
-122.29,37.9,49,1283,238,576,236,3.3333,1,276800
-122.29,37.9,52,1604,263,594,286,5.338,1,270900
-122.29,37.89,52,2248,422,870,377,3.4732,1,246200
-122.3,37.9,38,2263,522,1027,509,3.5125,1,224200
-122.29,37.89,52,1571,349,693,326,3.1375,1,229100
-122.3,37.89,46,1520,402,815,375,2.8036,1,211600
-122.3,37.9,15,5083,1212,2420,1146,4.5824,1,256100
-122.3,37.89,36,1077,293,518,276,3.0208,1,206300
-122.3,37.89,52,1248,283,620,275,4.0875,1,221300
-122.33,37.89,42,1342,291,551,266,4.5268,1,207400
-122.34,37.88,37,3061,930,2556,924,1.7375,1,350000
-122.29,37.89,52,3171,698,1498,696,3.1795,1,218200
-122.29,37.88,50,1211,261,523,227,3.8672,1,216700
-122.29,37.89,52,979,175,374,153,5.1675,1,270600
-122.29,37.89,52,2269,380,1004,371,5.1696,1,261400
-122.28,37.88,52,1844,332,769,334,4.2614,1,261300
-122.29,37.89,52,2178,421,940,423,5.0551,1,232200
-122.27,37.9,42,1650,274,645,256,5.6228,1,375400
-122.26,37.9,52,1927,279,705,288,7.8864,1,357300
-122.27,37.9,52,2079,273,684,275,7.9556,1,374400
-122.27,37.9,52,1803,240,572,236,6.174,1,358800
-122.27,37.9,52,2041,270,671,253,6.9414,1,417500
-122.27,37.89,52,3046,373,975,365,8.8342,1,430500
-122.28,37.9,52,2318,328,779,312,7.1754,1,362900
-122.28,37.9,52,2003,250,658,244,10.0825,1,397000
-122.28,37.9,52,2261,328,819,335,4.9083,1,346800
-122.28,37.89,52,1225,169,412,168,5.7912,1,327100
-122.28,37.89,52,2315,408,835,369,4.5893,1,290100
-122.28,37.89,52,2070,329,722,306,5.4171,1,292000
-122.28,37.89,52,2616,473,1085,487,4.125,1,270900
-122.27,37.89,52,2640,366,973,355,7.266,1,371100
-122.27,37.89,52,1978,293,723,272,5.3989,1,335600
-122.26,37.9,37,2220,335,903,362,7.8336,1,371300
-122.25,37.89,41,1125,195,356,181,6.1593,1,344000
-122.26,37.89,52,3078,494,1005,462,6.381,1,342200
-122.26,37.89,52,3706,531,1205,504,6.6828,1,370900
-122.25,37.89,37,3000,457,987,450,7.5385,1,350000
-122.25,37.89,42,2863,460,1031,448,6.7138,1,368600
-122.26,37.88,52,2551,417,894,404,6.2425,1,391800
-122.26,37.88,52,2255,410,823,377,5.7979,1,415300
-122.27,37.88,52,3360,648,1232,621,4.2813,1,284900
-122.27,37.88,52,1693,391,669,367,3.5417,1,287500
-122.27,37.88,44,2252,592,989,550,3.0132,1,272900
-122.28,37.88,52,2495,491,1058,464,4.1429,1,259600
-122.28,37.88,52,1193,200,506,207,4.1912,1,254500
-122.28,37.88,52,1172,215,489,218,3.9167,1,235600
-122.29,37.88,52,2159,424,824,388,3.8897,1,218400
-122.29,37.88,48,2365,490,1034,475,3.1065,1,229200
-122.29,37.88,46,1895,442,920,425,2.9926,1,192100
-122.29,37.88,52,1650,395,841,380,3.556,1,179300
-122.3,37.88,45,453,146,749,137,1.475,1,187500
-122.3,37.88,52,409,97,208,98,1.6971,1,138800
-122.3,37.87,10,503,118,228,100,2.1705,1,150000
-122.3,37.86,50,499,127,287,128,2.75,1,140600
-122.29,37.85,52,477,119,218,106,2.5682,1,120000
-122.3,37.88,46,1647,376,854,355,2.9,1,144800
-122.3,37.87,52,3123,749,1695,684,2.2208,1,144800
-122.28,37.88,52,957,188,403,172,3.2344,1,245500
-122.28,37.87,52,589,132,288,131,3.5156,1,200000
-122.28,37.87,49,2026,548,963,521,1.9805,1,173700
-122.29,37.87,50,1829,536,1129,516,2.6684,1,185600
-122.29,37.87,52,895,198,386,204,3.875,1,182600
-122.28,37.88,52,1909,416,811,406,3.006,1,227900
-122.28,37.87,46,3022,696,1293,675,2.543,1,220700
-122.28,37.87,46,1777,446,805,431,2.8676,1,212000
-122.27,37.88,52,2803,930,1372,876,2.1907,1,271400
-122.27,37.87,30,1465,439,862,425,1.7778,1,268800
-122.27,37.88,37,2619,682,1152,616,2.52,1,277800
-122.26,37.88,52,1149,255,483,249,4.2788,1,332500
-122.26,37.88,52,2363,604,1558,573,2.944,1,338900
-122.26,37.88,52,2604,837,1798,769,1.725,1,287500
-122.25,37.87,41,685,141,266,123,5.2289,1,384600
-122.25,37.87,42,1756,465,2184,422,2.5562,1,371400
-122.25,37.87,52,1204,460,2016,477,0.949,1,350000
-122.25,37.87,52,609,236,1349,250,1.1696,1,500001
-122.26,37.87,52,1087,371,3337,350,1.4012,1,175000
-122.26,37.87,52,2773,998,1721,949,1.1859,1,241700
-122.27,37.87,35,3218,1108,1675,1000,1.7464,1,216700
-122.27,37.87,49,1350,368,707,350,2.8846,1,211300
-122.27,37.87,52,3084,698,1424,694,2.7372,1,210200
-122.28,37.86,52,938,195,393,189,3.8594,1,196400
-122.28,37.87,52,1813,353,828,339,3.5625,1,191700
-122.28,37.87,52,1233,300,571,292,2.2788,1,182300
-122.29,37.87,44,2539,755,1382,713,2.537,1,175000
-122.29,37.87,46,1267,324,792,321,2.525,1,165900
-122.29,37.86,52,1665,404,815,372,1.9946,1,156900
-122.28,37.86,52,1659,367,788,346,2.8214,1,164300
-122.29,37.87,52,2225,460,1145,430,2.6165,1,150000
-122.29,37.86,50,2485,607,1354,563,1.9483,1,150500
-122.28,37.86,52,2031,450,958,445,1.9327,1,169900
-122.28,37.86,49,2932,668,1361,608,1.9798,1,147400
-122.28,37.85,52,2246,472,1005,449,2.4167,1,152700
-122.27,37.86,49,2052,435,924,414,2.5417,1,182700
-122.28,37.86,52,1999,417,780,358,3.3906,1,179300
-122.28,37.86,52,3007,691,1582,636,2.5652,1,157700
-122.28,37.86,41,2214,550,1213,568,2.2845,1,153100
-122.27,37.86,52,1088,305,486,267,2.6071,1,250000
-122.27,37.86,52,834,186,494,175,3.15,1,206300
-122.27,37.86,52,1769,372,849,365,2.6914,1,218800
-122.27,37.86,52,2307,583,1127,548,1.8447,1,198200
-122.26,37.86,35,5161,1744,3276,1742,1.6307,1,253600
-122.26,37.86,52,3497,832,1493,794,2.9044,1,257400
-122.26,37.86,52,3774,744,1461,679,2.9405,1,289500
-122.26,37.86,52,2888,604,1253,538,3.3893,1,241700
-122.25,37.86,48,2153,517,1656,459,3.0417,1,489600
-122.25,37.86,52,1389,191,514,202,7.0897,1,446200
-122.25,37.86,52,1709,318,719,295,5.0463,1,456300
-122.25,37.86,52,1587,444,878,449,1.7652,1,336800
-122.24,37.86,52,1668,225,517,214,7.8521,1,500001
-122.24,37.85,52,3726,474,1366,496,9.3959,1,500001
-122.25,37.86,52,4048,663,1316,590,5.3794,1,376900
-122.26,37.85,52,3618,768,1508,755,3.2619,1,309600
-122.27,37.85,52,4076,920,1800,815,2.7054,1,182300
-122.27,37.85,47,2077,400,719,326,2.2431,1,172700
-122.27,37.85,50,1279,300,675,255,1.9028,1,150800
-122.27,37.85,52,1974,426,875,363,1.5817,1,153600
-122.27,37.85,52,335,83,152,77,2.2841,1,106300
-122.27,37.85,47,1375,307,843,319,1.3785,1,142300
-122.28,37.85,52,610,145,281,132,2.9018,1,119400
-122.28,37.85,44,1025,198,506,204,1.73,1,147900
-122.28,37.85,48,2063,484,1054,466,2.2625,1,132900
-122.29,37.84,35,1872,419,1017,414,2.2106,1,132500
-122.28,37.83,52,3108,813,1623,765,2.6997,1,126900
-122.3,37.84,14,7355,2408,3100,2051,4.0018,1,143800
-122.23,37.83,52,2990,379,947,361,7.8772,1,500001
-122.22,37.82,39,2492,310,808,315,11.8603,1,500001
-122.22,37.82,42,2991,335,1018,335,13.499,1,500001
-122.23,37.82,52,3242,366,1001,352,12.2138,1,500001
-122.23,37.82,52,3051,381,1005,369,8.1872,1,466100
-122.23,37.82,52,3494,396,1192,383,12.3804,1,500001
-122.24,37.83,52,1757,246,585,227,5.8948,1,457800
-122.24,37.83,52,2449,312,916,316,8.1194,1,471600
-122.23,37.82,52,1611,203,556,179,8.7477,1,500001
-122.24,37.82,52,3665,517,1470,520,6.155,1,398600
-122.25,37.82,52,2474,403,1104,398,5.883,1,340700
-122.23,37.76,52,3037,516,1242,518,5.2128,1,289900
-122.23,37.76,52,2269,323,805,321,4.7188,1,335300
-122.23,37.76,52,1316,177,378,162,5.2915,1,333000
-122.24,37.77,52,1153,235,481,223,2.6411,1,241000
-122.23,37.77,52,772,179,409,160,3.3214,1,189600
-122.24,37.77,52,1711,386,885,373,3.6417,1,206300
-122.25,37.77,52,2650,566,1468,567,3.0161,1,215700
-122.25,37.77,52,1038,220,482,215,3.1771,1,210200
-122.25,37.77,52,1527,320,825,264,3.4531,1,208800
-122.25,37.77,52,859,157,429,158,4.3098,1,197900
-122.26,37.78,52,970,217,528,208,3.3438,1,201300
-122.26,37.78,52,1045,239,496,216,2.9213,1,190800
-122.27,37.78,52,1408,280,718,265,2.6806,1,207900
-122.27,37.78,52,1222,264,630,265,3.7708,1,215300
-122.27,37.78,45,1169,263,723,286,3.9444,1,212900
-122.27,37.78,13,2020,535,959,486,5.2601,1,292700
-122.28,37.79,30,4145,869,3668,855,2.5444,1,275000
-122.3,37.77,42,2038,368,2037,355,2.6447,1,200000
-122.28,37.78,29,5154,,3741,1273,2.5762,1,173400
-122.29,37.78,42,1241,309,821,300,1.9427,1,102200
-122.28,37.77,52,1468,363,870,347,2.9688,1,220800
-122.28,37.77,27,3997,1073,1901,966,3.75,1,242800
-122.29,37.76,18,2873,763,1243,663,5.1702,1,265400
-122.28,37.78,50,1487,306,730,327,2.5139,1,219000
-122.26,37.77,52,1670,350,793,299,2.9732,1,282100
-122.27,37.77,52,2252,388,1033,434,5.5337,1,372000
-122.27,37.77,52,1731,377,872,363,4.1667,1,225800
-122.27,37.77,52,1710,481,849,457,2.7115,1,220800
-122.27,37.77,52,2388,559,1121,518,3.3269,1,234500
-122.25,37.77,52,2156,458,872,445,3.2685,1,254200
-122.26,37.77,52,1565,315,637,297,4.7778,1,351800
-122.26,37.77,52,1704,371,663,340,4.226,1,275000
-122.26,37.77,52,1210,168,411,172,3.3571,1,405400
-122.26,37.77,52,2097,444,915,413,2.9899,1,228100
-122.26,37.77,52,1848,479,921,477,2.875,1,234000
-122.24,37.77,43,955,284,585,266,2.3882,1,162500
-122.25,37.77,43,4329,1110,2086,1053,2.975,1,243400
-122.23,37.76,52,3011,542,1303,535,5.1039,1,273800
-122.23,37.76,52,1049,185,374,176,4.1458,1,248500
-122.24,37.76,52,2504,516,979,472,3.4762,1,244000
-122.24,37.76,52,1846,471,827,446,2.6833,1,240900
-122.23,37.76,52,1705,246,658,253,5.75,1,306300
-122.23,37.75,50,1542,289,654,268,3.9632,1,240000
-122.24,37.75,45,891,,384,146,4.9489,1,247100
-122.24,37.75,27,4051,753,1499,797,4.8711,1,286600
-122.24,37.76,52,2646,581,1128,522,3.0718,1,266700
-122.24,37.76,49,2428,525,1110,492,3.6719,1,229800
-122.24,37.76,52,2567,436,1119,415,4.6094,1,229300
-122.24,37.73,21,7031,1249,2930,1235,4.5213,1,228400
-122.25,37.74,25,1914,365,897,390,4.4562,1,206200
-122.24,37.72,5,18634,2885,7427,2718,7.611,1,350700
-122.27,37.73,31,5785,1379,2973,1312,3.2689,1,231000
-122.25,37.76,52,2876,648,1340,632,3.567,1,252900
-122.27,37.74,28,6909,1554,2974,1484,3.6875,1,353900
-122.27,37.77,23,5679,1270,2690,1151,4.7695,1,291700
-122.28,37.75,20,1156,365,583,326,3.1972,1,100000
-122.06,37.77,12,14316,2045,5781,2007,7.2634,1,341600
-122.06,37.73,5,3596,467,1738,512,7.0568,1,412500
-122.06,37.71,36,3541,570,1478,529,4.635,1,248600
-122.07,37.71,40,1808,302,746,270,5.3015,1,254900
-122.07,37.71,36,2879,480,1235,455,4.9801,1,241500
-122.07,37.72,26,3204,477,1411,484,5.4834,1,295200
-122.08,37.72,31,3866,531,1368,521,6.187,1,340400
-122.08,37.72,32,2476,368,1048,367,5.6194,1,274700
-122.08,37.71,35,2211,350,1004,365,5.4639,1,238600
-122.09,37.71,35,2663,387,1086,367,5.1498,1,266400
-122.1,37.72,30,2599,366,922,350,5.8382,1,330200
-122.11,37.71,36,4569,824,1950,819,4.65,1,206800
-122.1,37.7,25,2973,622,1413,595,4.3819,1,209200
-122.1,37.69,30,3115,625,1444,568,3.7222,1,195800
-122.09,37.71,31,1843,282,749,269,5.2855,1,253500
-122.09,37.7,31,2053,336,867,329,4.3375,1,241800
-122.1,37.71,27,6740,1073,2723,1035,5.2131,1,252500
-122.09,37.7,30,1751,269,731,263,6.005,1,263900
-122.08,37.71,38,1663,295,781,301,5.0519,1,227000
-122.08,37.71,38,3716,657,1784,652,4.8237,1,220900
-122.08,37.7,32,2718,447,1156,410,5.2497,1,259300
-122.07,37.7,39,1420,272,645,277,4.125,1,232500
-122.06,37.7,37,1893,310,821,315,4.6005,1,231600
-122.06,37.7,33,3906,790,1912,770,3.5187,1,209400
-122.07,37.7,32,3400,736,1487,694,3,1,223200
-122.08,37.7,25,3402,758,1645,710,3.4934,1,209900
-122.09,37.7,33,4413,1107,2239,1051,2.9861,1,208200
-122.07,37.69,29,2304,618,1021,552,2.5362,1,203800
-122.08,37.69,36,2350,499,1105,467,3.3021,1,195700
-122.07,37.69,31,5914,1309,2999,1295,3.0964,1,190500
-122.08,37.69,43,1575,324,740,284,2.8512,1,181000
-122.08,37.69,42,1414,274,629,244,3.3478,1,184900
-122.08,37.68,37,848,202,314,205,2.3958,1,190800
-122.08,37.68,15,3051,685,1479,668,3.5295,1,242200
-122.09,37.69,20,4296,817,1732,800,4.8036,1,188300
-122.15,37.74,52,2898,557,1338,550,3.851,1,183500
-122.14,37.74,52,1071,201,440,192,4.0662,1,204200
-122.14,37.73,51,2619,403,922,393,4.6042,1,251900
-122.15,37.74,49,1494,316,611,288,2.2,1,187500
-122.16,37.73,52,2260,416,994,412,4.1164,1,198200
-122.15,37.74,52,1394,223,545,230,3.95,1,219000
-122.15,37.73,52,1028,129,317,143,4.9135,1,275000
-122.15,37.73,45,3758,819,1573,736,2.8355,1,245400
-122.17,37.73,46,2163,470,925,435,3.25,1,177500
-122.16,37.73,49,1699,408,768,385,2.8301,1,171600
-122.17,37.73,52,1555,289,620,292,3.7159,1,183300
-122.16,37.73,52,1114,206,425,207,2.5625,1,175000
-122.18,37.72,45,1498,313,1003,305,3.8047,1,156700
-122.18,37.71,45,726,147,519,135,3.375,1,157500
-122.17,37.71,38,890,200,481,198,3.244,1,179800
-122.18,37.7,36,2639,533,1209,519,4.0268,1,205500
-122.18,37.7,35,2562,554,1398,525,3.3906,1,178900
-122.19,37.71,36,361,69,158,58,5.5461,1,262500
-122.17,37.72,42,3008,659,1817,664,3.371,1,165000
-122.17,37.72,46,1369,284,766,289,3.5313,1,159700
-122.17,37.72,5,1692,398,814,328,3.663,1,158300
-122.16,37.72,38,1007,245,618,239,2.875,1,144800
-122.17,37.72,43,3783,814,2139,789,4.0202,1,166300
-122.16,37.71,37,1507,242,632,253,4.5553,1,191000
-122.16,37.71,36,666,132,366,134,3.4643,1,175000
-122.16,37.72,10,2229,601,877,485,3.3431,1,137500
-122.15,37.73,28,2215,587,830,573,2.1898,1,141700
-122.15,37.72,31,1616,372,739,379,2.9097,1,210900
-122.15,37.72,47,1190,251,540,266,3.375,1,198300
-122.15,37.72,29,4169,1047,2024,962,2.8125,1,157400
-122.14,37.73,52,2024,320,823,334,5,1,264700
-122.14,37.73,38,1723,394,711,353,3.0673,1,218400
-122.14,37.73,43,2264,390,931,368,3.8125,1,235100
-122.13,37.73,33,1996,268,686,270,6.9096,1,341800
-122.13,37.72,26,2862,394,1030,397,7.912,1,367300
-122.13,37.72,35,2183,383,976,392,3.8393,1,243500
-122.12,37.71,35,1037,207,552,210,4,1,167900
-122.13,37.72,25,1134,153,340,171,6.5095,1,371200
-122.14,37.72,39,786,132,288,132,3.5156,1,218900
-122.14,37.72,45,1397,253,555,248,2.983,1,202700
-122.13,37.72,45,2315,451,1006,444,3.524,1,186200
-122.13,37.71,44,1613,339,776,346,3.1103,1,188900
-122.13,37.71,44,1421,298,609,270,3.5781,1,180000
-122.15,37.71,18,5778,1526,2441,1352,3.1682,1,202700
-122.14,37.71,27,3094,866,1364,789,2.6101,1,181700
-122.14,37.71,18,3905,1007,2197,1044,3.6932,1,166800
-122.13,37.7,43,3046,557,1333,544,3.4583,1,183700
-122.13,37.7,19,3516,710,1810,703,3.9032,1,218000
-122.15,37.71,36,998,178,531,183,4.0208,1,191500
-122.15,37.7,36,1464,244,672,261,3.5547,1,194700
-122.14,37.7,17,1463,292,695,330,4.5859,1,187200
-122.13,37.7,21,4124,1054,2162,998,2.6321,1,223100
-122.13,37.69,17,2380,769,1216,643,3.395,1,271300
-122.14,37.7,36,1266,228,606,239,3.9702,1,194100
-122.16,37.7,36,2239,391,1203,379,5.0043,1,190400
-122.14,37.69,38,1571,317,874,301,4.4659,1,189100
-122.15,37.69,38,1246,221,637,222,3.6625,1,184600
-122.15,37.69,36,1501,287,703,276,3.8864,1,197300
-122.15,37.7,36,1468,252,733,229,3.4583,1,192600
-122.16,37.69,36,1118,219,625,228,3.7813,1,192200
-122.16,37.7,36,1097,208,568,225,2.9917,1,194600
-122.16,37.7,36,1719,303,836,311,4.4375,1,193500
-122.17,37.7,24,1755,365,952,362,4,1,202600
-122.16,37.68,16,1687,348,568,352,2.3869,1,83300
-122.17,37.69,24,2262,391,1125,366,4.7609,1,212600
-122.18,37.68,5,2087,407,840,401,5.4858,1,187800
-122.16,37.69,36,1480,278,796,283,4.3971,1,205700
-122.15,37.69,36,1545,273,863,267,4.0109,1,192900
-122.15,37.68,35,2632,447,1349,486,4.3864,1,205200
-122.15,37.68,30,2261,443,929,383,4.2841,1,213400
-122.15,37.69,39,1670,308,957,335,5.1312,1,183600
-122.14,37.69,37,2141,535,1093,555,2.9958,1,178400
-122.14,37.68,27,3337,613,1489,607,3.6364,1,219200
-122.14,37.68,31,3184,716,1561,628,2.7955,1,183100
-122.1,37.69,44,2341,500,1256,485,2.9507,1,157100
-122.12,37.69,30,1197,269,695,279,3.4375,1,157800
-122.13,37.69,34,1131,278,560,237,2.875,1,161700
-122.12,37.71,38,1164,284,632,289,3.0345,1,152100
-122.12,37.7,41,3495,787,1849,750,2.679,1,144900
-122.12,37.7,17,2488,617,1287,538,2.9922,1,179900
-122.12,37.69,35,2681,508,1580,536,4.1042,1,179100
-122.12,37.7,19,2495,635,1571,579,2.5833,1,159900
-122.11,37.7,23,1689,461,828,443,2.1552,1,161400
-122.11,37.7,29,1298,306,835,338,2.3274,1,170400
-122.11,37.7,19,2693,789,1765,724,2.4206,1,137500
-122.1,37.69,41,746,,387,161,3.9063,1,178400
-122.11,37.69,37,2444,651,1562,618,2.6464,1,155200
-122.11,37.69,42,1472,310,768,309,3.4643,1,160900
-122.12,37.69,10,2227,560,1140,472,2.3973,1,167300
-122.03,37.69,20,200,25,83,31,6.5,1,340000
-121.97,37.64,32,1283,194,485,171,6.0574,3,431000
-122.02,37.63,6,2445,590,1189,573,3.8958,1,301100
-122.04,37.63,21,1307,236,586,249,4.7813,1,241900
-122.05,37.63,5,3785,936,2240,792,3.2829,1,162500
-122.04,37.66,10,2031,357,867,352,5.3169,1,299200
-122.04,37.65,10,8299,1326,3827,1288,6.2579,1,315500
-122.05,37.68,23,7518,1279,3827,1294,5.1701,1,216800
-122.07,37.68,36,1815,426,1280,431,3.25,1,218100
-122.06,37.68,30,5367,1207,2667,1047,3.1796,1,170300
-122.08,37.68,26,1167,370,253,137,2.4196,1,275000
-122.08,37.68,26,2607,682,1401,607,2.6563,1,184100
-122.08,37.67,29,493,168,233,152,0.9637,1,160000
-122.09,37.67,48,1252,305,673,308,2.3357,1,175000
-122.09,37.68,41,1382,353,704,314,3.5114,1,197500
-122.09,37.69,43,500,110,273,120,3.3125,1,150000
-122.09,37.68,29,2333,538,1120,540,2.4042,1,205600
-122.09,37.68,41,1834,463,1105,467,2.8322,1,170300
-122.09,37.68,43,1415,348,569,293,2.5156,1,190900
-122.1,37.68,37,1352,342,691,324,3.4032,1,196900
-122.1,37.68,37,2116,503,1109,448,2.535,1,174000
-122.11,37.68,37,1976,481,1197,465,2.5772,1,170200
-122.1,37.68,38,1779,413,1061,400,3.0962,1,180900
-122.1,37.67,34,3659,897,2479,903,2.9564,1,150500
-122.1,37.68,31,1892,428,1162,389,3.125,1,167100
-122.12,37.68,35,1958,484,1146,448,2.95,1,148900
-122.12,37.68,40,1553,253,724,267,4.38,1,196400
-122.12,37.68,37,2412,394,975,375,4.0417,1,191100
-122.11,37.67,36,2110,389,952,370,3.8,1,187500
-122.12,37.68,45,2179,401,1159,399,3.4839,1,180600
-122.13,37.68,45,2457,445,1129,422,4.0588,1,182800
-122.13,37.68,44,2147,399,1175,401,4.1974,1,179300
-122.13,37.68,43,1676,340,924,328,3.6,1,179400
-122.14,37.68,35,2976,518,1424,538,4.267,1,210300
-122.14,37.67,34,3036,533,1366,500,4.2386,1,192300
-122.15,37.67,35,2472,398,1171,390,5.5797,1,198100
-122.14,37.67,36,1487,249,641,243,4.0682,1,196200
-122.13,37.67,38,2012,347,880,332,3.1734,1,181600
-122.14,37.67,37,3342,,1635,557,4.7933,1,186900
-122.14,37.67,37,3156,534,1495,543,4.8125,1,188300
-122.13,37.67,40,1748,318,914,317,3.8676,1,184000
-122.12,37.67,33,3429,681,1798,694,3.9395,1,184700
-122.13,37.67,42,3592,703,1625,665,3.2434,1,179900
-122.11,37.67,38,1035,247,599,224,3.0917,1,167200
-122.11,37.67,32,3028,811,2037,703,3.0645,1,165400
-122.09,37.67,33,2431,655,1854,603,2.7019,1,154000
-122.09,37.67,39,2069,500,1408,478,3.1115,1,153500
-122.09,37.66,40,1340,313,766,271,3.4722,1,135400
-122.09,37.66,39,1160,259,725,274,2.2222,1,158300
-122.05,37.68,32,2015,318,1019,340,6.1104,1,240700
-122.06,37.67,22,3882,816,1830,743,4.2733,1,180700
-122.07,37.67,27,3239,671,1469,616,3.2465,1,230600
-122.07,37.67,28,2932,739,1198,624,3.2417,1,210800
-122.07,37.67,38,2104,409,1039,394,3.875,1,165300
-122.04,37.67,29,1694,251,690,242,6.0501,1,254200
-122.04,37.67,18,3000,419,1155,415,6.8233,1,332600
-122.04,37.66,23,2419,348,1066,384,6.3501,1,350000
-122.07,37.66,28,2280,610,1255,587,2.6719,1,161200
-122.07,37.66,21,5031,1168,2461,1042,3.875,1,179300
-122.08,37.66,33,1547,372,1063,356,2.5625,1,154300
-122.07,37.65,31,3300,790,2181,740,3.016,1,161800
-122.08,37.65,17,5018,1439,3069,1299,2.7694,1,161900
-122.08,37.65,35,1813,393,1093,374,3.6818,1,165400
-122.08,37.66,37,1997,436,1349,437,2.1382,1,166600
-122.1,37.66,37,901,191,599,206,3.7303,1,149700
-122.1,37.66,35,686,142,480,149,3.875,1,162100
-122.1,37.66,33,1954,464,1293,448,3.0489,1,152600
-122.09,37.65,27,2630,722,1414,634,2.8203,1,195200
-122.09,37.65,35,1130,192,543,184,4.3897,1,190600
-122.09,37.65,35,1184,200,572,194,4.7143,1,193800
-122.1,37.66,34,656,115,342,112,4.6875,1,200600
-122.11,37.66,29,2544,643,2332,603,3.2091,1,150000
-122.1,37.66,36,1305,225,768,234,4.275,1,185300
-122.11,37.66,36,1755,316,913,299,4.1302,1,172700
-122.11,37.66,35,2843,652,1726,643,3.09,1,174100
-122.1,37.65,25,2538,494,1185,501,4.5417,1,194400
-122.1,37.64,28,1784,311,735,278,4.6635,1,206700
-122.1,37.65,31,1797,327,796,319,4.4427,1,204500
-122.1,37.65,36,410,76,252,82,4.5303,1,175000
-122.12,37.65,26,162,27,86,25,2.375,1,137500
-122.1,37.63,18,9963,2031,5613,1946,3.8171,1,187200
-122.1,37.61,35,2361,458,1727,467,4.5281,1,173600
-122.13,37.66,19,862,167,407,183,4.3456,1,163000
-122.11,37.65,18,4335,808,2041,734,3.4861,1,331600
-122.11,37.64,31,1487,280,854,301,5.2312,1,197600
-122.11,37.64,8,3592,849,1907,746,3.6708,1,197900
-122.12,37.64,40,432,102,264,77,3.8875,1,228100
-122.09,37.63,34,1457,242,735,249,3.9167,1,189500
-122.09,37.64,32,1578,284,836,292,3.9063,1,184200
-122.1,37.63,29,2172,435,1377,408,3.7895,1,180900
-122.08,37.64,36,1340,245,789,248,3.8,1,172000
-122.08,37.64,36,1116,199,662,226,5.7309,1,177900
-122.09,37.64,36,1885,307,853,271,4.1141,1,173100
-122.09,37.64,36,1180,212,664,200,5.2838,1,172600
-122.08,37.64,30,5267,1253,4065,1113,3.3479,1,182100
-122.08,37.64,23,1897,440,1109,418,3.142,1,179500
-122.08,37.63,31,767,171,548,185,3.7614,1,176000
-122.08,37.63,33,691,127,431,149,4.25,1,192600
-122.08,37.64,36,786,133,463,160,3.9338,1,182700
-122.07,37.64,22,5861,1516,5436,1463,2.5158,1,134900
-122.07,37.63,27,2784,723,2028,693,2.4808,1,157600
-122.07,37.64,25,4524,860,2426,862,4.7083,1,190900
-122.06,37.64,37,1468,304,1038,282,4.1652,1,158200
-122.06,37.64,20,1655,450,857,430,3.5541,1,350000
-122.06,37.65,33,1227,286,848,291,3.8036,1,158200
-122.06,37.64,33,1160,252,729,220,3.8259,1,146100
-122.04,37.63,33,952,172,369,159,3.2331,1,226700
-122.03,37.62,35,2072,352,1001,350,4.7109,1,198700
-122.03,37.62,32,2964,547,1472,527,4.2468,1,221200
-122.04,37.62,35,1032,173,453,176,6.396,1,208500
-122.04,37.62,35,657,118,328,134,3.8125,1,204200
-122.04,37.62,32,1540,324,793,302,3.2857,1,193200
-122.03,37.62,35,1298,236,632,204,3.8929,1,209500
-122.03,37.61,36,1409,271,1002,281,3.7262,1,164900
-122.03,37.61,37,1383,259,808,241,4.0125,1,161400
-122.04,37.61,36,1151,216,727,215,4.1719,1,187000
-122.04,37.62,35,899,179,455,185,4.2857,1,190400
-122.08,37.63,37,1793,364,1534,346,3.6458,1,156600
-122.08,37.62,17,2485,518,1139,550,2.6875,1,157300
-122.07,37.63,35,1931,376,1175,337,3.7292,1,168100
-122.07,37.63,24,2329,465,1401,453,4.5913,1,177600
-122.06,37.63,12,6711,1374,3388,1289,3.8625,1,208900
-122.06,37.63,23,1939,356,841,364,3.3611,1,169200
-122.05,37.61,16,1642,346,705,351,2.8971,1,163900
-122.08,37.63,34,1619,293,1148,310,4.0326,1,164700
-122.08,37.63,35,517,108,391,107,4.0682,1,156900
-122.09,37.63,36,1570,274,992,249,5.3644,1,168800
-122.09,37.63,35,1213,221,790,243,4.7019,1,174100
-122.08,37.62,27,1826,309,1016,313,5.64,1,206500
-122.08,37.61,26,2261,443,1039,395,3.7931,1,203900
-121.99,37.61,9,3666,711,2341,703,4.6458,3,217000
-122.02,37.6,36,1633,345,1382,338,3.694,1,159600
-122.02,37.6,31,2155,522,1858,437,2.652,1,159800
-122.02,37.6,32,1295,280,1156,300,3.5,1,154300
-122.02,37.6,32,1295,295,1097,328,3.2386,1,149600
-122.03,37.61,33,1518,302,831,268,5.097,1,188600
-122.04,37.6,17,3314,638,1873,602,4.3875,1,238500
-122.06,37.6,22,3009,497,1640,514,4.625,1,235300
-122.08,37.61,6,2605,474,1568,433,5.0406,1,261400
-122.06,37.6,17,5159,832,3174,817,5.8704,1,234400
-122.06,37.6,18,1726,276,1186,310,5.3226,1,231700
-122.08,37.59,16,1816,365,1367,355,4.235,1,156300
-122.07,37.59,13,2578,551,1680,528,4.825,1,222000
-122.08,37.58,15,2576,418,1657,410,5.5218,1,254400
-122.07,37.58,16,1644,251,1033,267,6.5116,1,244300
-122.07,37.58,16,1606,240,1117,268,6.0661,1,247000
-122.08,37.58,16,3349,544,2003,488,6.0074,1,236500
-122.07,37.59,15,3475,686,2568,653,4.6211,1,151400
-122.07,37.58,16,1893,338,1461,344,5.225,1,213700
-122.04,37.59,14,1727,302,1116,273,5.3428,1,243600
-122.05,37.59,15,6243,1273,3163,1274,3.7462,1,212500
-122.03,37.6,24,2077,383,1488,389,4.5721,1,214700
-122.02,37.59,18,1165,333,855,319,3.6923,1,213200
-122.03,37.59,16,4371,889,2530,817,4.6786,1,256000
-122.01,37.59,2,838,295,240,149,2.875,1,237500
-122.02,37.58,15,3052,760,2097,728,3.3617,1,178100
-122.01,37.58,17,4313,717,2629,721,5.7579,1,231800
-122.09,37.6,36,385,94,295,92,2.9706,1,147900
-122.08,37.6,10,3046,678,2056,628,3.9022,1,191700
-121.97,37.57,21,4342,783,2172,789,4.6146,3,247600
-121.96,37.58,15,3575,597,1777,559,5.7192,3,283500
-121.98,37.58,20,4126,1031,2079,975,3.6832,3,216900
-121.99,37.58,31,2878,478,1276,485,6.2073,3,282500
-122,37.58,6,4405,717,2071,688,5.8151,3,295600
-122.01,37.57,14,16199,2993,8117,2847,5.8322,1,281800
-122.04,37.58,14,14917,2708,8012,2606,5.6277,1,269800
-122.04,37.57,12,5719,1064,3436,1057,5.2879,1,231200
-122.07,37.57,8,8647,1407,5019,1379,6.5615,1,318300
-122.06,37.58,15,8112,1376,4576,1348,5.6758,1,253400
-122.05,37.57,7,10648,1818,6075,1797,6.1047,1,278200
-121.93,37.49,5,1150,311,648,245,3.5714,3,300000
-122.07,37.52,3,14014,2861,7205,2753,6.0824,1,273500
-122.02,37.56,23,4332,857,2461,829,4.3594,1,223400
-122.02,37.56,35,1716,312,914,316,5.5737,1,214500
-122.03,37.56,31,4981,964,2841,924,4.8962,1,220200
-122.03,37.56,24,8444,1492,4446,1491,4.6978,1,240300
-122.01,37.56,6,3028,778,1531,736,4.4259,1,158000
-122.01,37.55,26,2068,532,1434,495,3.3008,1,224200
-122.02,37.55,33,1325,274,909,267,4.5687,1,177200
-122.01,37.56,24,2563,485,1174,501,3.8179,1,216100
-121.99,37.56,18,5505,1005,2641,971,5,3,269700
-121.99,37.56,20,6462,1294,3288,1235,4.3393,3,231200
-121.96,37.55,4,3746,993,1606,838,4.1387,3,162500
-121.97,37.56,13,8918,1823,4518,1772,4.8052,3,254000
-121.97,37.54,31,1949,344,986,322,4.6349,3,196200
-121.97,37.55,17,4924,1247,3080,1182,3.168,3,189400
-121.98,37.54,17,5133,1375,3386,1339,3.1326,3,220800
-121.99,37.55,16,6647,2098,4649,1903,2.9074,3,213800
-121.94,37.56,15,5674,748,2412,714,8.3996,3,442900
-121.95,37.55,21,10687,1540,4552,1520,6.6478,3,333400
-121.93,37.54,25,1354,192,596,220,6.629,3,352400
-121.94,37.54,27,3715,526,1631,538,6.2179,3,305300
-121.94,37.53,33,2095,342,941,304,5.761,3,259600
-121.95,37.54,29,3517,645,1724,585,4.6641,3,248900
-121.94,37.54,31,2537,382,1067,410,6.7599,3,356000
-121.96,37.54,14,5106,1207,2738,1108,3.9909,3,236000
-121.96,37.53,23,2215,475,1278,492,4.2955,3,218800
-121.96,37.53,28,2949,529,1538,545,4.9615,3,228000
-121.96,37.53,18,2375,652,1252,586,2.6198,3,235900
-121.97,37.54,28,2312,496,1344,467,4.7135,3,203200
-121.97,37.53,35,2277,420,1353,413,4.75,3,197000
-121.97,37.53,26,2506,387,1273,406,5.4299,3,236400
-121.98,37.53,28,2829,566,1610,540,4.6,3,223200
-121.98,37.53,26,3179,703,2142,639,4.1947,3,222700
-121.99,37.54,26,2332,371,1285,404,5.388,3,225000
-121.99,37.54,18,3584,715,1673,661,3.9444,3,240100
-121.99,37.54,28,3046,507,1772,516,5.3283,3,227900
-121.99,37.55,28,2414,415,1106,453,4.8403,3,268600
-122,37.54,29,4133,744,2023,749,5.1616,3,275100
-122.01,37.55,34,2791,495,1276,468,4.9167,1,256300
-122,37.55,27,6103,1249,3026,1134,4.1591,3,332400
-122.01,37.54,32,2572,406,1128,395,5,1,287600
-122,37.54,26,1910,371,852,357,5.8325,3,298900
-122.01,37.53,27,1890,303,889,314,5.7057,1,287600
-121.99,37.53,25,5405,939,2831,923,5.0423,3,222200
-121.97,37.52,26,3761,623,1776,613,4.5317,3,232600
-121.97,37.51,25,3333,511,1671,504,5.4359,3,258300
-121.97,37.52,23,4925,948,2530,894,5.0824,3,230900
-121.95,37.52,33,3994,764,2721,763,5.2308,3,196900
-121.96,37.51,22,5811,1125,3215,1086,4.4107,3,223500
-121.96,37.52,26,4211,741,2352,734,5.2396,3,223900
-121.93,37.53,27,5532,973,2855,960,4.7478,3,243500
-121.92,37.53,7,28258,3864,12203,3701,8.4045,3,451100
-121.89,37.49,9,4909,577,1981,591,9.7194,3,500001
-121.92,37.49,10,7441,1588,3571,1466,5.1643,3,193100
-121.92,37.48,23,4314,676,1972,623,5.3813,3,264400
-121.92,37.47,26,2016,322,1105,357,6.0878,3,246900
-121.91,37.47,13,5377,744,2759,760,6.868,3,337300
-122.03,37.55,22,9167,1373,4319,1404,6.992,1,284800
-122.03,37.55,26,3087,532,1597,483,4.9118,1,217300
-122.04,37.55,23,3170,532,1446,515,4.4357,1,291700
-122.04,37.54,26,2145,369,1285,377,4.9464,1,223800
-122.05,37.54,25,4209,731,2568,703,5.2882,1,223100
-122.05,37.55,23,4247,835,2357,823,5.1321,1,211300
-122.04,37.53,25,4458,922,2998,890,3.9667,1,218500
-122.04,37.5,17,407,97,307,100,3.1696,1,156300
-122.06,37.54,20,6483,1068,3526,1060,5.0838,1,248200
-122.03,37.54,35,1867,343,1213,338,4.8214,1,186000
-122.03,37.54,6,2918,672,1911,639,4.1406,1,178200
-122.04,37.53,34,2316,478,1524,467,3.7364,1,190400
-122.02,37.54,31,1240,264,719,236,3.535,1,210300
-122.03,37.54,16,4458,856,3038,870,5.0739,1,208000
-122.03,37.53,18,1746,437,1268,404,3.256,1,183300
-122.01,37.53,19,4572,712,2346,709,6.0667,1,245700
-122.02,37.53,21,4280,673,2216,681,5.7072,1,242200
-122,37.51,7,6352,1390,3223,1316,4.9867,3,181700
-121.92,37.72,4,7477,1576,2937,1506,5.1437,3,299400
-121.92,37.72,22,4638,716,2302,687,5.347,3,219500
-121.91,37.71,25,4377,668,2038,671,5.7233,3,231800
-121.93,37.72,26,3816,637,1935,642,4.4697,3,221300
-121.93,37.72,26,2806,459,1453,444,4.9107,3,213800
-121.93,37.71,26,4822,845,2288,805,4.2281,3,206000
-121.94,37.71,15,6473,1027,2484,970,5.0143,3,271100
-121.96,37.71,6,8072,1050,3386,1062,7.2494,3,336500
-121.92,37.64,46,1280,209,512,208,5.1406,4,315600
-121.93,37.66,24,3166,424,1081,400,8.3337,3,500001
-121.92,37.69,13,3742,555,1590,559,7.316,3,285400
-121.9,37.66,18,7397,1137,3126,1115,6.4994,4,323000
-121.92,37.68,23,1655,223,706,219,7.2211,3,291900
-121.93,37.7,3,2456,582,793,456,4.4087,3,225600
-121.91,37.69,23,2179,308,926,299,5.9345,3,259600
-121.91,37.68,20,1804,254,831,260,6.177,3,262900
-121.91,37.68,18,3631,547,1700,520,5.817,3,257300
-121.91,37.69,18,2876,423,1395,427,6.3132,3,259200
-121.89,37.68,12,7490,1207,3329,1136,6.3373,3,339700
-121.88,37.68,23,2234,270,854,286,7.333,4,337200
-121.89,37.68,22,1898,239,734,245,6.2918,3,334100
-121.88,37.67,16,4070,624,1543,577,6.5214,4,311500
-121.88,37.67,25,2244,301,937,324,6.4524,4,296900
-121.89,37.67,20,2948,471,1181,474,6.0604,4,247900
-121.89,37.67,19,2034,288,852,295,6.5285,4,300400
-121.9,37.67,15,2130,273,876,285,7.2639,3,332400
-121.9,37.67,7,9540,1294,3926,1229,7.4353,3,389800
-121.88,37.66,29,2702,680,1360,642,3.1127,4,233000
-121.87,37.66,39,522,116,161,102,2.4896,4,238500
-121.87,37.66,52,775,134,315,123,5.0677,4,233300
-121.89,37.66,3,1565,464,769,461,2.1187,4,231300
-121.88,37.64,20,1309,184,514,172,10.9506,4,475800
-121.87,37.57,13,5519,833,2444,825,7.0691,3,393200
-121.87,37.67,10,4337,800,1813,743,5.5,4,247200
-121.87,37.67,28,1812,294,853,278,4.9879,4,229400
-121.85,37.68,4,4719,741,1895,742,6.8132,4,282500
-121.85,37.66,14,4236,701,1833,663,5.6399,4,300600
-121.86,37.66,22,3634,664,1699,640,4.1597,4,293200
-121.87,37.66,27,1569,242,583,214,5.7519,4,278500
-121.84,37.66,13,13182,2074,4847,1950,5.6417,4,352900
-121.85,37.72,43,228,40,83,42,10.3203,4,400000
-121.82,37.73,47,127,23,51,21,4.3472,4,375000
-121.86,37.7,13,9621,1344,4389,1391,6.6827,4,313700
-121.89,37.69,4,6159,1510,2649,1241,3.62,3,139300
-121.77,37.65,16,4290,554,1952,576,7.3588,4,327500
-121.62,37.61,26,1786,306,771,279,5.7239,4,430600
-121.61,37.77,32,404,74,144,58,4.2083,4,125000
-121.72,37.7,17,1671,352,729,252,6.1023,4,450000
-121.73,37.71,12,5608,1049,2595,1067,3.9864,4,200200
-121.75,37.71,11,12070,2220,5826,2125,4.8624,4,192400
-121.77,37.74,25,494,81,254,85,9.1531,4,418800
-121.8,37.7,22,5533,943,2474,910,4.7361,4,216800
-121.8,37.69,17,3956,639,2222,662,5.4324,4,215500
-121.82,37.69,12,1906,351,802,319,4.9375,4,227700
